PRAGMA foreign_keys=OFF;
BEGIN TRANSACTION;
CREATE TABLE LookupLists (ListID INTEGER PRIMARY KEY NOT NULL, Title VARCHAR (255) UNIQUE NOT NULL, IsEditableByUser BOOLEAN NOT NULL DEFAULT (1));
INSERT INTO "LookupLists" VALUES(1,'Model Scavenge Types',1);
INSERT INTO "LookupLists" VALUES(3,'GCD Analysis Types',0);
INSERT INTO "LookupLists" VALUES(4,'CHaMP Models',1);
INSERT INTO "LookupLists" VALUES(5,'Tier 1 Types',1);
INSERT INTO "LookupLists" VALUES(6,'Metric Group (Watershed Report Parent Grouping)',1);
INSERT INTO "LookupLists" VALUES(7,'Metric Channel Type Group (Watershed Report Child Grouping)',1);
INSERT INTO "LookupLists" VALUES(8,'Monitoring Protocols',1);
INSERT INTO "LookupLists" VALUES(9,'Metric Plot Types',1);
INSERT INTO "LookupLists" VALUES(10,'Species and life stages',1);
INSERT INTO "LookupLists" VALUES(11,'Tier 2 Types',1);
INSERT INTO "LookupLists" VALUES(13,'Quality Ratings',0);
INSERT INTO "LookupLists" VALUES(14,'Metric Definition Data Types',0);
CREATE TABLE LookupListItems (ItemID INTEGER PRIMARY KEY NOT NULL, ListID INTEGER REFERENCES LookupLists (ListID) NOT NULL, Title VARCHAR (255) NOT NULL, IsEditableByUser BOOLEAN NOT NULL DEFAULT (1));
INSERT INTO "LookupListItems" VALUES(1,1,'Model Run',0);
INSERT INTO "LookupListItems" VALUES(2,1,'Validation Data',0);
INSERT INTO "LookupListItems" VALUES(10,3,'Site',0);
INSERT INTO "LookupListItems" VALUES(11,3,'Tier 1 Channel Unit Budget Segregation',0);
INSERT INTO "LookupListItems" VALUES(12,3,'Tier 2 Channel Unit Budget Segregation',0);
INSERT INTO "LookupListItems" VALUES(13,3,'In/Out Channel Budget Segregation',0);
INSERT INTO "LookupListItems" VALUES(14,3,'Bankfull Union Bankfull Segregation',0);
INSERT INTO "LookupListItems" VALUES(15,4,'Topo Metrics',1);
INSERT INTO "LookupListItems" VALUES(16,4,'GUT',1);
INSERT INTO "LookupListItems" VALUES(17,5,'Slow/Pool',1);
INSERT INTO "LookupListItems" VALUES(18,5,'Fast-Turbulent',1);
INSERT INTO "LookupListItems" VALUES(19,5,'Fast-NonTurbulent/Glide',1);
INSERT INTO "LookupListItems" VALUES(20,5,'Small Side Channel',1);
INSERT INTO "LookupListItems" VALUES(21,11,'Fast-NonTurbulent/Glide',1);
INSERT INTO "LookupListItems" VALUES(22,11,'Riffle',1);
INSERT INTO "LookupListItems" VALUES(23,11,'Off Channel',1);
INSERT INTO "LookupListItems" VALUES(24,11,'Scour Pool',1);
INSERT INTO "LookupListItems" VALUES(25,11,'Small Side Channel',1);
INSERT INTO "LookupListItems" VALUES(26,11,'Cascade',1);
INSERT INTO "LookupListItems" VALUES(27,11,'Dam Pool',1);
INSERT INTO "LookupListItems" VALUES(28,11,'Falls',1);
INSERT INTO "LookupListItems" VALUES(29,11,'Rapid',1);
INSERT INTO "LookupListItems" VALUES(30,11,'Plunge Pool',1);
INSERT INTO "LookupListItems" VALUES(31,6,'Site Characteristics',1);
INSERT INTO "LookupListItems" VALUES(32,6,'Channel Unit Features',1);
INSERT INTO "LookupListItems" VALUES(33,6,'Side Channels',1);
INSERT INTO "LookupListItems" VALUES(34,6,'Widths and Depths',1);
INSERT INTO "LookupListItems" VALUES(35,7,'Wetted',1);
INSERT INTO "LookupListItems" VALUES(36,7,'Other',1);
INSERT INTO "LookupListItems" VALUES(37,7,'Bankfull',1);
INSERT INTO "LookupListItems" VALUES(38,6,'GCD',1);
INSERT INTO "LookupListItems" VALUES(39,6,'EMAP',1);
INSERT INTO "LookupListItems" VALUES(40,4,'Hydro Preparation',1);
INSERT INTO "LookupListItems" VALUES(41,4,'Delft 3D Hydraulic Model',1);
INSERT INTO "LookupListItems" VALUES(42,4,'Habitat HSI',1);
INSERT INTO "LookupListItems" VALUES(43,4,'NREI',1);
INSERT INTO "LookupListItems" VALUES(416,8,'CHaMP 2011',1);
INSERT INTO "LookupListItems" VALUES(806,8,'CHaMP 2012',1);
INSERT INTO "LookupListItems" VALUES(1869,8,'Complete Fish Passage Barriers Projects',1);
INSERT INTO "LookupListItems" VALUES(1870,8,'Partial Fish Passage Barriers Projects',1);
INSERT INTO "LookupListItems" VALUES(1875,8,'Bank Stabilization',1);
INSERT INTO "LookupListItems" VALUES(1877,8,'Livestock Exclusion',1);
INSERT INTO "LookupListItems" VALUES(1880,8,'Off-Channel/Flood Plain',1);
INSERT INTO "LookupListItems" VALUES(1955,8,'CTUIR Biological Effectiveness and Evaluation Plan',1);
INSERT INTO "LookupListItems" VALUES(1966,8,'CHaMP 2013',1);
INSERT INTO "LookupListItems" VALUES(2020,8,'CHaMP 2014',1);
INSERT INTO "LookupListItems" VALUES(2030,8,'AEM Floodplain and CHaMP',1);
INSERT INTO "LookupListItems" VALUES(2038,8,'Estimating Instream Juvenile Abundance',1);
INSERT INTO "LookupListItems" VALUES(2044,8,'CRITFC Snorkeling 2014',1);
INSERT INTO "LookupListItems" VALUES(9998,8,'Bank Stabilization 2015',1);
INSERT INTO "LookupListItems" VALUES(9999,8,'Off-Channel/Flood Plain 2015',1);
INSERT INTO "LookupListItems" VALUES(10000,1,'cm.org Download',0);
INSERT INTO "LookupListItems" VALUES(10001,9,'XY Scatter',1);
INSERT INTO "LookupListItems" VALUES(10002,4,'Habitat FIS',1);
INSERT INTO "LookupListItems" VALUES(10003,10,'Chinook Juvenile',1);
INSERT INTO "LookupListItems" VALUES(10004,10,'Chinook Spawner',1);
INSERT INTO "LookupListItems" VALUES(10005,10,'Steelhead Juvenile',1);
INSERT INTO "LookupListItems" VALUES(10006,10,'Steelhead Spawner',1);
INSERT INTO "LookupListItems" VALUES(10007,11,'Beaver Pool',1);
INSERT INTO "LookupListItems" VALUES(10013,13,'Pass',1);
INSERT INTO "LookupListItems" VALUES(10014,13,'Does not pass',1);
INSERT INTO "LookupListItems" VALUES(10015,4,'Aux',1);
INSERT INTO "LookupListItems" VALUES(10016,4,'Topo And Aux',1);
INSERT INTO "LookupListItems" VALUES(10017,4,'GCD',1);
INSERT INTO "LookupListItems" VALUES(10018,13,'Data not available',1);
INSERT INTO "LookupListItems" VALUES(10019,13,'Not assessed',1);
INSERT INTO "LookupListItems" VALUES(10020,13,'Suspect',1);
INSERT INTO "LookupListItems" VALUES(10021,8,'CHaMP Control Network Evaluation',1);
INSERT INTO "LookupListItems" VALUES(10022,1,'Python Topo Metrics',0);
INSERT INTO "LookupListItems" VALUES(10023,14,'Numeric',0);
INSERT INTO "LookupListItems" VALUES(10024,14,'String',0);
CREATE TABLE LookupPrograms (ProgramID INTEGER PRIMARY KEY NOT NULL, Title VARCHAR (255) NOT NULL UNIQUE, WebSiteURL VARCHAR (255), FTPURL VARCHAR (255), AWSBucket VARCHAR (255), API VARCHAR (255), Remarks VARCHAR (255));
INSERT INTO "LookupPrograms" VALUES(1,'CHaMP','http://www.champmonitoring.org','ftp://ftp.geooptix.com','champdata','https://api.champmonitoring.org/api/v1','');
INSERT INTO "LookupPrograms" VALUES(4,'AEM','http://www.aemonitoring.org','ftp://ftp.aemonitoring.org','aemdata','https://aemonitoring.org/api/v1','');
INSERT INTO "LookupPrograms" VALUES(5,'Custom Visits',NULL,NULL,NULL,NULL,'Manually entered visits that don''t belong to any official program');
INSERT INTO "LookupPrograms" VALUES(6,'CTUIR','http://ctuir.org/',NULL,NULL,NULL,'Confederated Tribes of the Umatilla Indian Reservation');
CREATE INDEX FX_LookupListItems_ListID ON LookupListItems (ListID);
CREATE UNIQUE INDEX UX_LookupListItems_Title ON LookupListItems (ListID, Title);
COMMIT;
